{"cameraMode":{"drawMode":0,"name":"Shaded","section":"Shading Mode"},"sceneLighting":true,"audioPlay":false,"sceneViewState":{"m_AlwaysRefresh":false,"showFog":true,"showSkybox":true,"showFlares":true,"showImageEffects":true,"showParticleSystems":true,"showVisualEffectGraphs":true,"m_FxEnabled":true},"in2DMode":false,"pivot":{"x":0.21102145314216615,"y":-0.5409526824951172,"z":0.23735332489013673},"rotation":{"x":-0.3970485031604767,"y":-0.0063355895690619949,"z":0.0027415750082582237,"w":-0.9177701473236084},"size":2.5649447441101076,"orthographic":false}